INSERT INTO "public"."fight_types"("id", "name")
    VALUES (1, 'Charity'),
(2, 'Sparring'),
(3, 'Interclub'),
(4, 'Tournament');

INSERT INTO "public"."fighting_styles"("id", "name")
    VALUES (1, 'Muay Thai'),
(2, 'Brazillian Jiu Jitsu'),
(3, 'Boxing'),
(4, 'Wrestling'),
(5, 'Karate'),
(6, 'Taekwondo'),
(7, 'Judo'),
(8, 'Kickboxing'),
(9, 'Krav Maga'),
(10, 'Sambo'),
(11, 'Capoeira');

INSERT INTO "public"."profiles"("id", "name", "date_of_birth", "height_cm", "weight_kg", "neighborhood", "latitude", "longitude", "max_distance_km", "years_of_experience", "phone", "fight_type_id", "fighting_style_id")
    VALUES ('00000000-0000-0000-0000-000000000000', 'Buakaw Banchamek', '1982-05-08', 178, 70, 'Bangkok', 13.7563, 100.5018, 50, 10, '18761234567', 4, 1),
('00000000-0000-0000-0000-000000000001', 'Saenchai', '1980-07-30', 170, 61, 'Bangkok', 13.7563, 100.5018, 60, 10, '10000000001', 2, 1),
('00000000-0000-0000-0000-000000000002', 'Canelo Alvarez', '1990-07-18', 175, 76, 'Guadalajara', 20.6597, -103.3496, 200, 10, '10000000002', 4, 3),
('00000000-0000-0000-0000-000000000003', 'Gordon Ryan', '1995-07-08', 193, 99, 'Austin', 30.2672, -97.7431, 300, 10, '10000000003', 4, 2),
('00000000-0000-0000-0000-000000000004', 'Jade Jones', '1993-03-21', 169, 57, 'Manchester', 53.4808, -2.2426, 70, 10, '10000000004', 1, 6),
('00000000-0000-0000-0000-000000000005', 'Andre Galvao', '1982-09-29', 180, 84, 'San Diego', 32.7157, -117.1611, 1200, 10, '10000000005', 2, 2),
('00000000-0000-0000-0000-000000000006', 'Steven Lopez', '1978-11-09', 183, 80, 'Manchester', 53.4800, -2.2400, 80, 10, '10000000006', 1, 6),
('00000000-0000-0000-0000-000000000007', 'Rodtang Jitmuangnon', '1997-07-26', 168, 61, 'Bangkok', 13.7563, 100.5018, 50, 10, '10000000007', 4, 1),
('00000000-0000-0000-0000-000000000008', 'Lee Dae-hoon', '1992-02-05', 183, 68, 'Seoul', 37.5665, 126.9780, 80, 10, '10000000008', 2, 6),
('00000000-0000-0000-0000-000000000009', 'Tyson Fury', '1988-08-12', 206, 120, 'London', 51.5074, -0.1278, 120, 10, '10000000009', 4, 3),
('00000000-0000-0000-0000-000000000010', 'Max Holloway', '1991-12-04', 180, 66, 'Pattaya', 12.9236, 100.8824, 100, 10, '10000000010', 2, 1),
('00000000-0000-0000-0000-000000000011', 'Marcus Buchecha Almeida', '1990-01-08', 193, 110, 'Austin', 30.2670, -97.7420, 350, 10, '10000000011', 1, 2),
('00000000-0000-0000-0000-000000000012', 'Anthony Joshua', '1989-10-15', 198, 108, 'London', 51.5074, -0.1278, 130, 10, '10000000012', 4, 3),
('00000000-0000-0000-0000-000000000013', 'Dustin Poirier', '1989-01-19', 175, 70, 'Austin', 30.2672, -97.7431, 350, 10, '10000000013', 1, 2),
('00000000-0000-0000-0000-000000000014', 'Valentina Shevchenko', '1988-03-07', 170, 57, 'Pattaya', 12.9236, 100.8824, 120, 10, '10000000014', 4, 1),
('00000000-0000-0000-0000-000000000015', 'Rose Namajunas', '1992-06-29', 165, 52, 'San Diego', 32.7157, -117.1611, 1200, 10, '10000000015', 2, 2),
('00000000-0000-0000-0000-000000000016', 'Terence Crawford', '1987-09-28', 173, 66, 'New York', 40.7128, -74.0060, 600, 10, '10000000016', 4, 3),
('00000000-0000-0000-0000-000000000017', 'Rafael Dos Anjos', '1984-10-26', 175, 77, 'San Diego', 32.7150, -117.1625, 150, 10, '10000000017', 1, 2),
('00000000-0000-0000-0000-000000000018', 'Giga Chikadze', '1988-08-25', 183, 66, 'Seoul', 37.5680, 126.9770, 90, 10, '10000000018', 2, 6);

INSERT INTO "public"."profile_fighting_styles"("profile_id", "fighting_style_id")
    VALUES ('00000000-0000-0000-0000-000000000000', 1),
('00000000-0000-0000-0000-000000000001', 1),
('00000000-0000-0000-0000-000000000002', 3),
('00000000-0000-0000-0000-000000000003', 2),
('00000000-0000-0000-0000-000000000004', 6),
('00000000-0000-0000-0000-000000000005', 2),
('00000000-0000-0000-0000-000000000006', 6),
('00000000-0000-0000-0000-000000000007', 1),
('00000000-0000-0000-0000-000000000008', 6),
('00000000-0000-0000-0000-000000000009', 3),
('00000000-0000-0000-0000-000000000010', 8),
('00000000-0000-0000-0000-000000000011', 2),
('00000000-0000-0000-0000-000000000012', 3),
('00000000-0000-0000-0000-000000000013', 8),
('00000000-0000-0000-0000-000000000014', 8),
('00000000-0000-0000-0000-000000000015', 8),
('00000000-0000-0000-0000-000000000016', 3),
('00000000-0000-0000-0000-000000000017', 2),
('00000000-0000-0000-0000-000000000018', 8);

INSERT INTO "public"."profile_fight_types"("profile_id", "fight_type_id")
    VALUES ('00000000-0000-0000-0000-000000000000', 4),
('00000000-0000-0000-0000-000000000001', 2),
('00000000-0000-0000-0000-000000000002', 4),
('00000000-0000-0000-0000-000000000003', 4),
('00000000-0000-0000-0000-000000000004', 1),
('00000000-0000-0000-0000-000000000005', 2),
('00000000-0000-0000-0000-000000000006', 1),
('00000000-0000-0000-0000-000000000007', 4),
('00000000-0000-0000-0000-000000000008', 2),
('00000000-0000-0000-0000-000000000009', 4),
('00000000-0000-0000-0000-000000000010', 2),
('00000000-0000-0000-0000-000000000011', 1),
('00000000-0000-0000-0000-000000000012', 4),
('00000000-0000-0000-0000-000000000013', 1),
('00000000-0000-0000-0000-000000000014', 4),
('00000000-0000-0000-0000-000000000015', 2),
('00000000-0000-0000-0000-000000000016', 4),
('00000000-0000-0000-0000-000000000017', 1),
('00000000-0000-0000-0000-000000000018', 2);

INSERT INTO "public"."profile_photos"("id", "profile_id", "photo_url", "photo_order", "active")
    VALUES
        -- Buakaw Banchamek photos
('00000000-0000-0000-0000-000000000000', '00000000-0000-0000-0000-000000000000', 'https://www.instagram.com/p/B0cV-XwB2ML/media?size=l', 0, TRUE),
('10000000-0000-0000-0000-000000000000', '00000000-0000-0000-0000-000000000000', 'https://www.instagram.com/p/BhFvO_Kh036/media?size=l', 1, TRUE),
('20000000-0000-0000-0000-000000000000', '00000000-0000-0000-0000-000000000000', 'https://www.instagram.com/p/Bb8jR-gj2SF/media?size=l', 2, TRUE),
('30000000-0000-0000-0000-000000000000', '00000000-0000-0000-0000-000000000000', 'https://www.instagram.com/p/DCrVMrnsdm-/media?size=l', 3, TRUE),
('40000000-0000-0000-0000-000000000000', '00000000-0000-0000-0000-000000000000', 'https://www.instagram.com/p/DCex002OCLP/media?size=l', 4, TRUE),
('50000000-0000-0000-0000-000000000000', '00000000-0000-0000-0000-000000000000', 'https://www.instagram.com/p/C_JHSSitBbA/media?size=l', 5, TRUE),
        -- Saenchai photos
('00000000-0000-0000-0000-000000000001', '00000000-0000-0000-0000-000000000001', 'https://www.instagram.com/p/C5Ef_4ZvU4D/media?size=l', 0, TRUE),
('10000000-0000-0000-0000-000000000001', '00000000-0000-0000-0000-000000000001', 'https://www.instagram.com/p/C4oNwMWSHfh/media?size=l', 1, TRUE),
('20000000-0000-0000-0000-000000000001', '00000000-0000-0000-0000-000000000001', 'https://www.instagram.com/p/C84mL6Vu5Be/media?size=l', 2, TRUE),
('30000000-0000-0000-0000-000000000001', '00000000-0000-0000-0000-000000000001', 'https://www.instagram.com/p/CzR-v-fvnIt/media?size=l', 3, TRUE),
('40000000-0000-0000-0000-000000000001', '00000000-0000-0000-0000-000000000001', 'https://www.instagram.com/p/Bv-G5DUhhcP/media?size=l', 4, TRUE),
('50000000-0000-0000-0000-000000000001', '00000000-0000-0000-0000-000000000001', 'https://www.instagram.com/p/Bo0Gz3KB0bs/media?size=l', 5, TRUE),
        -- Canelo Alvarez photos
('00000000-0000-0000-0000-000000000002', '00000000-0000-0000-0000-000000000002', 'https://www.instagram.com/p/CxmaD9bLx4T/media?size=l', 0, TRUE),
('10000000-0000-0000-0000-000000000002', '00000000-0000-0000-0000-000000000002', 'https://www.instagram.com/p/CxW8FqPL_ZN/media?size=l', 1, TRUE),
('20000000-0000-0000-0000-000000000002', '00000000-0000-0000-0000-000000000002', 'https://www.instagram.com/p/CLOYQ5Rj1_B/media?size=l', 2, TRUE),
('30000000-0000-0000-0000-000000000002', '00000000-0000-0000-0000-000000000002', 'https://www.instagram.com/p/Ce-IiLGLCz0/media?size=l', 3, TRUE),
('40000000-0000-0000-0000-000000000002', '00000000-0000-0000-0000-000000000002', 'https://www.instagram.com/p/Cc_t3CUp91Q/media?size=l', 4, TRUE),
('50000000-0000-0000-0000-000000000002', '00000000-0000-0000-0000-000000000002', 'https://www.instagram.com/p/CSDA8cShOl5/media?size=l', 5, TRUE),
        -- Gordon Ryan photos
('00000000-0000-0000-0000-000000000003', '00000000-0000-0000-0000-000000000003', 'https://www.instagram.com/p/C7wN9RTRpxG/media?size=l', 0, TRUE),
('10000000-0000-0000-0000-000000000003', '00000000-0000-0000-0000-000000000003', 'https://www.instagram.com/p/C7rtohAx2Ev/media?size=l', 1, TRUE),
('20000000-0000-0000-0000-000000000003', '00000000-0000-0000-0000-000000000003', 'https://www.instagram.com/p/C7OwUyhx9xV/media?size=l', 2, TRUE),
('30000000-0000-0000-0000-000000000003', '00000000-0000-0000-0000-000000000003', 'https://www.instagram.com/p/C7Ou-c8x7ar/media?size=l', 3, TRUE),
('40000000-0000-0000-0000-000000000003', '00000000-0000-0000-0000-000000000003', 'https://www.instagram.com/p/C7OgfQgO8tr/media?size=l', 4, TRUE),
('50000000-0000-0000-0000-000000000003', '00000000-0000-0000-0000-000000000003', 'https://www.instagram.com/p/CyMy8FCsbi1/media?size=l', 5, TRUE),
        -- Jade Jones photos
('00000000-0000-0000-0000-000000000004', '00000000-0000-0000-0000-000000000004', 'https://www.instagram.com/p/Cv7Y6_mPVHY/media?size=l', 0, TRUE),
('10000000-0000-0000-0000-000000000004', '00000000-0000-0000-0000-000000000004', 'https://www.instagram.com/p/C0R-B_uxm-4/media?size=l', 1, TRUE),
('20000000-0000-0000-0000-000000000004', '00000000-0000-0000-0000-000000000004', 'https://www.instagram.com/p/C6Aay_3sTXB/media?size=l', 2, TRUE),
('30000000-0000-0000-0000-000000000004', '00000000-0000-0000-0000-000000000004', 'https://www.instagram.com/p/CytB17DLxlt/media?size=l', 3, TRUE),
('40000000-0000-0000-0000-000000000004', '00000000-0000-0000-0000-000000000004', 'https://www.instagram.com/p/CxFoLUNOlZo/media?size=l', 4, TRUE),
('50000000-0000-0000-0000-000000000004', '00000000-0000-0000-0000-000000000004', 'https://www.instagram.com/p/Cx8Bm0nuQzX/media?size=l', 5, TRUE),
        -- Andre Galvao photos
('00000000-0000-0000-0000-000000000005', '00000000-0000-0000-0000-000000000005', 'https://www.instagram.com/p/C7E4HWmxYCY/media?size=l', 0, TRUE),
('10000000-0000-0000-0000-000000000005', '00000000-0000-0000-0000-000000000005', 'https://www.instagram.com/p/C7ageT2R5mg/media?size=l', 1, TRUE),
('20000000-0000-0000-0000-000000000005', '00000000-0000-0000-0000-000000000005', 'https://www.instagram.com/p/C3XZXYYO-Ru/media?size=l', 2, TRUE),
('30000000-0000-0000-0000-000000000005', '00000000-0000-0000-0000-000000000005', 'https://www.instagram.com/p/C2nXfMCOAoR/media?size=l', 3, TRUE),
('40000000-0000-0000-0000-000000000005', '00000000-0000-0000-0000-000000000005', 'https://www.instagram.com/p/Clw7VbHvdiX/media?size=l', 4, TRUE),
('50000000-0000-0000-0000-000000000005', '00000000-0000-0000-0000-000000000005', 'https://www.instagram.com/p/CWQtkGcrYgz/media?size=l', 5, TRUE),
        -- Steven Lopez photos
('00000000-0000-0000-0000-000000000006', '00000000-0000-0000-0000-000000000006', 'https://www.instagram.com/p/C8ckdKXPlzM/media?size=l', 0, TRUE),
('10000000-0000-0000-0000-000000000006', '00000000-0000-0000-0000-000000000006', 'https://www.instagram.com/p/CL3EFlSFMog/media?size=l', 1, TRUE),
('20000000-0000-0000-0000-000000000006', '00000000-0000-0000-0000-000000000006', 'https://www.instagram.com/p/C4-TVF3OJeD/media?size=l', 2, TRUE),
('30000000-0000-0000-0000-000000000006', '00000000-0000-0000-0000-000000000006', 'https://www.instagram.com/p/CPlhN3Xtsds/media?size=l', 3, TRUE),
('40000000-0000-0000-0000-000000000006', '00000000-0000-0000-0000-000000000006', 'https://www.instagram.com/p/CsMkmhivdw6/media?size=l', 4, TRUE),
('50000000-0000-0000-0000-000000000006', '00000000-0000-0000-0000-000000000006', 'https://www.instagram.com/p/CbloOf2ph-6/media?size=l', 5, TRUE),
        -- Rodtang Jitmuangnon photos
('00000000-0000-0000-0000-000000000007', '00000000-0000-0000-0000-000000000007', 'https://www.instagram.com/p/Czvvh3PAbcg/media?size=l', 0, TRUE),
('10000000-0000-0000-0000-000000000007', '00000000-0000-0000-0000-000000000007', 'https://www.instagram.com/p/C2yqzmlgsCT/media?size=l', 1, TRUE),
('20000000-0000-0000-0000-000000000007', '00000000-0000-0000-0000-000000000007', 'https://www.instagram.com/p/C76jVdjRPw5/media?size=l', 2, TRUE),
('30000000-0000-0000-0000-000000000007', '00000000-0000-0000-0000-000000000007', 'https://www.instagram.com/p/C8IqQ1wx0nL/media?size=l', 3, TRUE),
('40000000-0000-0000-0000-000000000007', '00000000-0000-0000-0000-000000000007', 'https://www.instagram.com/p/C6mZJEbgmzM/media?size=l', 4, TRUE),
('50000000-0000-0000-0000-000000000007', '00000000-0000-0000-0000-000000000007', 'https://www.instagram.com/p/C84cMwSx0f7/media?size=l', 5, TRUE),
        -- Lee Dae-hoon photos
('00000000-0000-0000-0000-000000000008', '00000000-0000-0000-0000-000000000008', 'https://www.instagram.com/p/C8evOL2xjtn/media?size=l', 0, TRUE),
('10000000-0000-0000-0000-000000000008', '00000000-0000-0000-0000-000000000008', 'https://www.instagram.com/p/C8VZJJRxU5Y/media?size=l', 1, TRUE),
('20000000-0000-0000-0000-000000000008', '00000000-0000-0000-0000-000000000008', 'https://www.instagram.com/p/C7pqSLGxMsm/media?size=l', 2, TRUE),
('30000000-0000-0000-0000-000000000008', '00000000-0000-0000-0000-000000000008', 'https://www.instagram.com/p/C7ZOOomx0ut/media?size=l', 3, TRUE),
('40000000-0000-0000-0000-000000000008', '00000000-0000-0000-0000-000000000008', 'https://www.instagram.com/p/C6RT7DireZ1/media?size=l', 4, TRUE),
('50000000-0000-0000-0000-000000000008', '00000000-0000-0000-0000-000000000008', 'https://www.instagram.com/p/CScLuFuFzbi/media?size=l', 5, TRUE),
        -- Tyson Fury photos
('00000000-0000-0000-0000-000000000009', '00000000-0000-0000-0000-000000000009', 'https://www.instagram.com/p/Cyns-rouX1i/media?size=l', 0, TRUE),
('10000000-0000-0000-0000-000000000009', '00000000-0000-0000-0000-000000000009', 'https://www.instagram.com/p/C5MgrDhJ4T-/media?size=l', 1, TRUE),
('20000000-0000-0000-0000-000000000009', '00000000-0000-0000-0000-000000000009', 'https://www.instagram.com/p/C877m_mSnSv/media?size=l', 2, TRUE),
('30000000-0000-0000-0000-000000000009', '00000000-0000-0000-0000-000000000009', 'https://www.instagram.com/p/C67T8FhpuyA/media?size=l', 3, TRUE),
('40000000-0000-0000-0000-000000000009', '00000000-0000-0000-0000-000000000009', 'https://www.instagram.com/p/C6cZSoyJYEF/media?size=l', 4, TRUE),
('50000000-0000-0000-0000-000000000009', '00000000-0000-0000-0000-000000000009', 'https://www.instagram.com/p/C6J61S4J-CN/media?size=l', 5, TRUE),
        -- Max Holloway photos
('00000000-0000-0000-0000-000000000010', '00000000-0000-0000-0000-000000000010', 'https://www.instagram.com/p/C8RysHrOn4E/media?size=l', 0, TRUE),
('10000000-0000-0000-0000-000000000010', '00000000-0000-0000-0000-000000000010', 'https://www.instagram.com/p/C5j9GFcuy8U/media?size=l', 1, TRUE),
('20000000-0000-0000-0000-000000000010', '00000000-0000-0000-0000-000000000010', 'https://www.instagram.com/p/C0C6ktEOHOU/media?size=l', 2, TRUE),
('30000000-0000-0000-0000-000000000010', '00000000-0000-0000-0000-000000000010', 'https://www.instagram.com/p/Cu0p4okOsXj/media?size=l', 3, TRUE),
('40000000-0000-0000-0000-000000000010', '00000000-0000-0000-0000-000000000010', 'https://www.instagram.com/p/CJ5LslhB9L3/media?size=l', 4, TRUE),
('50000000-0000-0000-0000-000000000010', '00000000-0000-0000-0000-000000000010', 'https://www.instagram.com/p/Cx53vFkODYD/media?size=l', 5, TRUE),
        -- Marcus Buchecha Almeida photos
('00000000-0000-0000-0000-000000000011', '00000000-0000-0000-0000-000000000011', 'https://www.instagram.com/p/CF981zlHS8B/media?size=l', 0, TRUE),
('10000000-0000-0000-0000-000000000011', '00000000-0000-0000-0000-000000000011', 'https://www.instagram.com/p/C8hP5qMObBP/media?size=l', 1, TRUE),
('20000000-0000-0000-0000-000000000011', '00000000-0000-0000-0000-000000000011', 'https://www.instagram.com/p/C8Rx8rNOkO8/media?size=l', 2, TRUE),
('30000000-0000-0000-0000-000000000011', '00000000-0000-0000-0000-000000000011', 'https://www.instagram.com/p/C71oL9NO4sY/media?size=l', 3, TRUE),
('40000000-0000-0000-0000-000000000011', '00000000-0000-0000-0000-000000000011', 'https://www.instagram.com/p/C7KrFKovPCG/media?size=l', 4, TRUE),
('50000000-0000-0000-0000-000000000011', '00000000-0000-0000-0000-000000000011', 'https://www.instagram.com/p/C35ItPhOlXa/media?size=l', 5, TRUE),
        -- Anthony Joshua photos
('00000000-0000-0000-0000-000000000012', '00000000-0000-0000-0000-000000000012', 'https://www.instagram.com/p/Cm7i4O8go_e/media?size=l', 0, TRUE),
('10000000-0000-0000-0000-000000000012', '00000000-0000-0000-0000-000000000012', 'https://www.instagram.com/p/C5mYJTUR9W_/media?size=l', 1, TRUE),
('20000000-0000-0000-0000-000000000012', '00000000-0000-0000-0000-000000000012', 'https://www.instagram.com/p/Cqq0hwygVqA/media?size=l', 2, TRUE),
('30000000-0000-0000-0000-000000000012', '00000000-0000-0000-0000-000000000012', 'https://www.instagram.com/p/C301lgqgI6H/media?size=l', 3, TRUE),
('40000000-0000-0000-0000-000000000012', '00000000-0000-0000-0000-000000000012', 'https://www.instagram.com/p/CoYQC07gb8y/media?size=l', 4, TRUE),
('50000000-0000-0000-0000-000000000012', '00000000-0000-0000-0000-000000000012', 'https://www.instagram.com/p/ChBhrHggI_1/media?size=l', 5, TRUE),
        -- Dustin Poirier photos
('00000000-0000-0000-0000-000000000013', '00000000-0000-0000-0000-000000000013', 'https://www.instagram.com/p/Cup2az8v97E/media?size=l', 0, TRUE),
('10000000-0000-0000-0000-000000000013', '00000000-0000-0000-0000-000000000013', 'https://www.instagram.com/p/CIjuQWZjemG/media?size=l', 1, TRUE),
('20000000-0000-0000-0000-000000000013', '00000000-0000-0000-0000-000000000013', 'https://www.instagram.com/p/CLfaeQOj4N3/media?size=l', 2, TRUE),
('30000000-0000-0000-0000-000000000013', '00000000-0000-0000-0000-000000000013', 'https://www.instagram.com/p/CPD3E5CDxyF/media?size=l', 3, TRUE),
('40000000-0000-0000-0000-000000000013', '00000000-0000-0000-0000-000000000013', 'https://www.instagram.com/p/CX9vbI-vbtz/media?size=l', 4, TRUE),
('50000000-0000-0000-0000-000000000013', '00000000-0000-0000-0000-000000000013', 'https://www.instagram.com/p/CWfAwJhsQ7a/media?size=l', 5, TRUE),
        -- Valentina Shevchenko photos
('00000000-0000-0000-0000-000000000014', '00000000-0000-0000-0000-000000000014', 'https://www.instagram.com/p/CvfQxE5r6Zg/media?size=l', 0, TRUE),
('10000000-0000-0000-0000-000000000014', '00000000-0000-0000-0000-000000000014', 'https://www.instagram.com/p/CvfRCfQLKYH/media?size=l', 1, TRUE),
('20000000-0000-0000-0000-000000000014', '00000000-0000-0000-0000-000000000014', 'https://www.instagram.com/p/C1CmbWCRUgc/media?size=l', 2, TRUE),
('30000000-0000-0000-0000-000000000014', '00000000-0000-0000-0000-000000000014', 'https://www.instagram.com/p/CyVu3rzLmFM/media?size=l', 3, TRUE),
('40000000-0000-0000-0000-000000000014', '00000000-0000-0000-0000-000000000014', 'https://www.instagram.com/p/C2XLq_XOVpK/media?size=l', 4, TRUE),
('50000000-0000-0000-0000-000000000014', '00000000-0000-0000-0000-000000000014', 'https://www.instagram.com/p/C5hU1g0Ra6B/media?size=l', 5, TRUE),
        -- Rose Namajunas photos
('00000000-0000-0000-0000-000000000015', '00000000-0000-0000-0000-000000000015', 'https://www.instagram.com/p/B9A-52enLCv/media?size=l', 0, TRUE),
('10000000-0000-0000-0000-000000000015', '00000000-0000-0000-0000-000000000015', 'https://www.instagram.com/p/B9aC3XhnxDL/media?size=l', 1, TRUE),
('20000000-0000-0000-0000-000000000015', '00000000-0000-0000-0000-000000000015', 'https://www.instagram.com/p/B8r4XmiHzSP/media?size=l', 2, TRUE),
('30000000-0000-0000-0000-000000000015', '00000000-0000-0000-0000-000000000015', 'https://www.instagram.com/p/B9G3kbhHgBi/media?size=l', 3, TRUE),
('40000000-0000-0000-0000-000000000015', '00000000-0000-0000-0000-000000000015', 'https://www.instagram.com/p/B9-kj9Gn1UM/media?size=l', 4, TRUE),
('50000000-0000-0000-0000-000000000015', '00000000-0000-0000-0000-000000000015', 'https://www.instagram.com/p/B_xguCWHYsH/media?size=l', 5, TRUE),
        -- Terence Crawford photos
('00000000-0000-0000-0000-000000000016', '00000000-0000-0000-0000-000000000016', 'https://www.instagram.com/p/C8uVAtwuQcI/media?size=l', 0, TRUE),
('10000000-0000-0000-0000-000000000016', '00000000-0000-0000-0000-000000000016', 'https://www.instagram.com/p/CmPBfPIOTap/media?size=l', 1, TRUE),
('20000000-0000-0000-0000-000000000016', '00000000-0000-0000-0000-000000000016', 'https://www.instagram.com/p/CfWmrJ1DQ1L/media?size=l', 2, TRUE),
('30000000-0000-0000-0000-000000000016', '00000000-0000-0000-0000-000000000016', 'https://www.instagram.com/p/CWv_kcyLdr_/media?size=l', 3, TRUE),
('40000000-0000-0000-0000-000000000016', '00000000-0000-0000-0000-000000000016', 'https://www.instagram.com/p/CMSamxzFNNq/media?size=l', 4, TRUE),
('50000000-0000-0000-0000-000000000016', '00000000-0000-0000-0000-000000000016', 'https://www.instagram.com/p/Cm7mk_vr6_Z/media?size=l', 5, TRUE),
        -- Rafael Dos Anjos photos
('00000000-0000-0000-0000-000000000017', '00000000-0000-0000-0000-000000000017', 'https://www.instagram.com/p/C79gc8ARGWt/media?size=l', 0, TRUE),
('10000000-0000-0000-0000-000000000017', '00000000-0000-0000-0000-000000000017', 'https://www.instagram.com/p/C7XUdq6xV_8/media?size=l', 1, TRUE),
('20000000-0000-0000-0000-000000000017', '00000000-0000-0000-0000-000000000017', 'https://www.instagram.com/p/C3_MUXmOc-c/media?size=l', 2, TRUE),
('30000000-0000-0000-0000-000000000017', '00000000-0000-0000-0000-000000000017', 'https://www.instagram.com/p/Cvw2cu0uIUd/media?size=l', 3, TRUE),
('40000000-0000-0000-0000-000000000017', '00000000-0000-0000-0000-000000000017', 'https://www.instagram.com/p/Bfo1RfqAYDK/media?size=l', 4, TRUE),
('50000000-0000-0000-0000-000000000017', '00000000-0000-0000-0000-000000000017', 'https://www.instagram.com/p/BNVSRGAhCrM/media?size=l', 5, TRUE),
        -- Giga Chikadze photos
('00000000-0000-0000-0000-000000000018', '00000000-0000-0000-0000-000000000018', 'https://www.instagram.com/p/C2tDVkAOzsd/media?size=l', 0, TRUE),
('10000000-0000-0000-0000-000000000018', '00000000-0000-0000-0000-000000000018', 'https://www.instagram.com/p/C2QpJPsu0JQ/media?size=l', 1, TRUE),
('20000000-0000-0000-0000-000000000018', '00000000-0000-0000-0000-000000000018', 'https://www.instagram.com/p/CDAOVA0htSL/media?size=l', 2, TRUE),
('30000000-0000-0000-0000-000000000018', '00000000-0000-0000-0000-000000000018', 'https://www.instagram.com/p/CeugkSIu6zE/media?size=l', 3, TRUE),
('40000000-0000-0000-0000-000000000018', '00000000-0000-0000-0000-000000000018', 'https://www.instagram.com/p/CUoHPK0sTIM/media?size=l', 4, TRUE),
('50000000-0000-0000-0000-000000000018', '00000000-0000-0000-0000-000000000018', 'https://www.instagram.com/p/CLAgyMap3Ok/media?size=l', 5, TRUE);

INSERT INTO "public"."interaction_status"("id", "status")
    VALUES (1, 'skip'),
(2, 'challenge'),
(3, 'remove'),
(4, 'match'),
(5, 'unmatch'),
(6, 'review');

