INSERT INTO "public"."fight_types"("id", "type")
    VALUES (1, 'Charity'),
(2, 'Sparring'),
(3, 'Interclub'),
(4, 'Tournament');

INSERT INTO "public"."fighting_styles"("id", "name")
    VALUES (1, 'Muay Thai'),
(2, 'Brazillian Jiu Jitsu'),
(3, 'Boxing'),
(4, 'Wrestling'),
(5, 'Karate'),
(6, 'Taekwondo'),
(7, 'Judo'),
(8, 'Kickboxing'),
(9, 'Krav Maga'),
(10, 'Sambo'),
(11, 'Capoeira');

INSERT INTO "public"."profiles"("id", "name", "date_of_birth", "height_cm", "weight_kg", "neighborhood", "latitude", "longitude", "max_distance_km", "years_of_experience", "phone", "fight_type_id", "fighting_style_id")
    VALUES ('00000000-0000-0000-0000-000000000000', 'Javel', '1995-12-25', 180, 180, 'Montego Bay', 18.499634842789888, -77.91729233644581, 160, 1, '18761234567', 1, 2),
('00000000-0000-0000-0000-000000000001', 'David', '2001-11-02', 180, 180, 'Kingston', 17.9374623588942, -76.779836513002, 160, 1, '10000000001', 1, 1),
('00000000-0000-0000-0000-000000000002', 'Jess', '1986-03-06', 180, 180, 'Kingston', 17.9374623588942, -76.779836513002, 160, 1, '10000000002', 2, 3),
('00000000-0000-0000-0000-000000000003', 'Randen', '1982-09-23', 180, 180, 'Kingston', 17.9374623588942, -76.779836513002, 160, 2, '10000000003', 1, 2),
('00000000-0000-0000-0000-000000000004', 'Bhanu', '1982-11-14', 180, 180, 'Kingston', 17.9374623588942, -76.779836513002, 160, 1, '10000000004', 1, 4),
('00000000-0000-0000-0000-000000000005', 'Jem', '1991-12-04', 180, 180, 'Kingston', 17.9374623588942, -76.779836513002, 160, 1, '10000000005', 2, 2),
('00000000-0000-0000-0000-000000000006', 'Moriah', '1995-03-14', 180, 180, 'Kingston', 17.9374623588942, -76.779836513002, 160, 1, '10000000006', 2, 4),
('00000000-0000-0000-0000-000000000007', 'Tim', '1992-07-27', 180, 180, 'Kingston', 17.9374623588942, -76.779836513002, 160, 2, '10000000007', 1, 2),
('00000000-0000-0000-0000-000000000008', 'Soda', '1996-04-04', 180, 180, 'Kingston', 17.9374623588942, -76.779836513002, 160, 1, '10000000008', 2, 4),
('00000000-0000-0000-0000-000000000009', 'Tevin', '1999-04-24', 180, 180, 'Kingston', 17.9374623588942, -76.779836513002, 160, 1, '10000000009', 1, 1),
('00000000-0000-0000-0000-000000000010', 'Hunter', '1996-02-24', 180, 180, 'Montego Bay', 18.4989969343249, -77.9174517446859, 160, 1, '10000000010', 1, 2),
('00000000-0000-0000-0000-000000000011', 'Tiffany', '1991-02-08', 180, 180, 'Montego Bay', 18.4989969343249, -77.9174517446859, 160, 1, '10000000011', 2, 2),
('00000000-0000-0000-0000-000000000012', 'Venus', '1999-02-12', 180, 180, 'Montego Bay', 18.4989969343249, -77.9174517446859, 160, 1, '10000000012', 2, 4),
('00000000-0000-0000-0000-000000000013', 'Q', '1994-03-08', 180, 180, 'Montego Bay', 18.4989969343249, -77.9174517446859, 160, 1, '10000000013', 1, 2),
('00000000-0000-0000-0000-000000000014', 'Maria', '1975-10-13', 180, 180, 'Montego Bay', 18.4989969343249, -77.9174517446859, 160, 2, '10000000014', 2, 2),
('00000000-0000-0000-0000-000000000015', 'Liz', '1988-03-18', 180, 180, 'Montego Bay', 18.4989969343249, -77.9174517446859, 160, 2, '10000000015', 2, 2),
('00000000-0000-0000-0000-000000000016', 'Ben', '1992-03-25', 180, 180, 'Montego Bay', 18.4989969343249, -77.9174517446859, 160, 1, '10000000016', 1, 1),
('00000000-0000-0000-0000-000000000017', 'Charlie', '1997-12-22', 180, 180, 'Montego Bay', 18.4989969343249, -77.9174517446859, 160, 1, '10000000017', 1, 2),
('00000000-0000-0000-0000-000000000018', 'Kenzie', '1994-08-06', 180, 180, 'Montego Bay', 18.4989969343249, -77.9174517446859, 160, 1, '10000000018', 2, 2);

INSERT INTO "public"."profile_fighting_styles"("profile_id", "fighting_style_id")
    VALUES ('00000000-0000-0000-0000-000000000000', 1),
('00000000-0000-0000-0000-000000000001', 9),
('00000000-0000-0000-0000-000000000002', 2),
('00000000-0000-0000-0000-000000000003', 3),
('00000000-0000-0000-0000-000000000004', 7),
('00000000-0000-0000-0000-000000000005', 10),
('00000000-0000-0000-0000-000000000006', 9),
('00000000-0000-0000-0000-000000000007', 1),
('00000000-0000-0000-0000-000000000008', 1),
('00000000-0000-0000-0000-000000000009', 1),
('00000000-0000-0000-0000-000000000010', 9),
('00000000-0000-0000-0000-000000000011', 1),
('00000000-0000-0000-0000-000000000012', 4),
('00000000-0000-0000-0000-000000000013', 1),
('00000000-0000-0000-0000-000000000014', 4),
('00000000-0000-0000-0000-000000000015', 9),
('00000000-0000-0000-0000-000000000016', 9),
('00000000-0000-0000-0000-000000000017', 9),
('00000000-0000-0000-0000-000000000018', 9);

INSERT INTO "public"."profile_fight_types"("profile_id", "fight_type_id")
    VALUES ('00000000-0000-0000-0000-000000000000', 2),
('00000000-0000-0000-0000-000000000001', 2),
('00000000-0000-0000-0000-000000000002', 1),
('00000000-0000-0000-0000-000000000003', 2),
('00000000-0000-0000-0000-000000000004', 1),
('00000000-0000-0000-0000-000000000005', 1),
('00000000-0000-0000-0000-000000000006', 1),
('00000000-0000-0000-0000-000000000007', 2),
('00000000-0000-0000-0000-000000000008', 1),
('00000000-0000-0000-0000-000000000009', 2),
('00000000-0000-0000-0000-000000000010', 2),
('00000000-0000-0000-0000-000000000011', 1),
('00000000-0000-0000-0000-000000000012', 1),
('00000000-0000-0000-0000-000000000013', 2),
('00000000-0000-0000-0000-000000000014', 1),
('00000000-0000-0000-0000-000000000015', 1),
('00000000-0000-0000-0000-000000000016', 2),
('00000000-0000-0000-0000-000000000017', 2),
('00000000-0000-0000-0000-000000000018', 1);

INSERT INTO "public"."profile_photos"("id", "profile_id", "photo_url", "photo_order", "active")
    VALUES ('00000000-0000-0000-0000-000000000000', '00000000-0000-0000-0000-000000000000', 'https://www.instagram.com/p/B0cV-XwB2ML/media?size=l', 0, TRUE),
('10000000-0000-0000-0000-000000000000', '00000000-0000-0000-0000-000000000000', 'https://www.instagram.com/p/BhFvO_Kh036/media?size=l', 1, TRUE),
('20000000-0000-0000-0000-000000000000', '00000000-0000-0000-0000-000000000000', 'https://www.instagram.com/p/Bb8jR-gj2SF/media?size=l', 2, TRUE),
('30000000-0000-0000-0000-000000000000', '00000000-0000-0000-0000-000000000000', 'https://www.instagram.com/p/DCrVMrnsdm-/media?size=l', 3, TRUE),
('40000000-0000-0000-0000-000000000000', '00000000-0000-0000-0000-000000000000', 'https://www.instagram.com/p/DCex002OCLP/media?size=l', 4, TRUE),
('50000000-0000-0000-0000-000000000000', '00000000-0000-0000-0000-000000000000', 'https://www.instagram.com/p/C_JHSSitBbA/media?size=l', 5, TRUE),
('00000000-0000-0000-0000-000000000001', '00000000-0000-0000-0000-000000000001', 'https://www.instagram.com/p/C5Ef_4ZvU4D/media?size=l', 0, TRUE),
('10000000-0000-0000-0000-000000000001', '00000000-0000-0000-0000-000000000001', 'https://www.instagram.com/p/C4oNwMWSHfh/media?size=l', 1, TRUE),
('20000000-0000-0000-0000-000000000001', '00000000-0000-0000-0000-000000000001', 'https://www.instagram.com/p/C84mL6Vu5Be/media?size=l', 2, TRUE),
('30000000-0000-0000-0000-000000000001', '00000000-0000-0000-0000-000000000001', 'https://www.instagram.com/p/CzR-v-fvnIt/media?size=l', 3, TRUE),
('40000000-0000-0000-0000-000000000001', '00000000-0000-0000-0000-000000000001', 'https://www.instagram.com/p/Bv-G5DUhhcP/media?size=l', 4, TRUE),
('50000000-0000-0000-0000-000000000001', '00000000-0000-0000-0000-000000000001', 'https://www.instagram.com/p/Bo0Gz3KB0bs/media?size=l', 5, TRUE),
('00000000-0000-0000-0000-000000000002', '00000000-0000-0000-0000-000000000002', 'https://www.instagram.com/p/CxmaD9bLx4T/media?size=l', 0, TRUE),
('10000000-0000-0000-0000-000000000002', '00000000-0000-0000-0000-000000000002', 'https://www.instagram.com/p/CxW8FqPL_ZN/media?size=l', 1, TRUE),
('20000000-0000-0000-0000-000000000002', '00000000-0000-0000-0000-000000000002', 'https://www.instagram.com/p/CLOYQ5Rj1_B/media?size=l', 2, TRUE),
('30000000-0000-0000-0000-000000000002', '00000000-0000-0000-0000-000000000002', 'https://www.instagram.com/p/Ce-IiLGLCz0/media?size=l', 3, TRUE),
('40000000-0000-0000-0000-000000000002', '00000000-0000-0000-0000-000000000002', 'https://www.instagram.com/p/Cc_t3CUp91Q/media?size=l', 4, TRUE),
('50000000-0000-0000-0000-000000000002', '00000000-0000-0000-0000-000000000002', 'https://www.instagram.com/p/CSDA8cShOl5/media?size=l', 5, TRUE),
('00000000-0000-0000-0000-000000000003', '00000000-0000-0000-0000-000000000003', 'https://www.instagram.com/p/C7wN9RTRpxG/media?size=l', 0, TRUE),
('10000000-0000-0000-0000-000000000003', '00000000-0000-0000-0000-000000000003', 'https://www.instagram.com/p/C7rtohAx2Ev/media?size=l', 1, TRUE),
('20000000-0000-0000-0000-000000000003', '00000000-0000-0000-0000-000000000003', 'https://www.instagram.com/p/C7OwUyhx9xV/media?size=l', 2, TRUE),
('30000000-0000-0000-0000-000000000003', '00000000-0000-0000-0000-000000000003', 'https://www.instagram.com/p/C7Ou-c8x7ar/media?size=l', 3, TRUE),
('40000000-0000-0000-0000-000000000003', '00000000-0000-0000-0000-000000000003', 'https://www.instagram.com/p/C7OgfQgO8tr/media?size=l', 4, TRUE),
('50000000-0000-0000-0000-000000000003', '00000000-0000-0000-0000-000000000003', 'https://www.instagram.com/p/CyMy8FCsbi1/media?size=l', 5, TRUE),
('00000000-0000-0000-0000-000000000004', '00000000-0000-0000-0000-000000000004', 'https://www.instagram.com/p/Cv7Y6_mPVHY/media?size=l', 0, TRUE),
('10000000-0000-0000-0000-000000000004', '00000000-0000-0000-0000-000000000004', 'https://www.instagram.com/p/C0R-B_uxm-4/media?size=l', 1, TRUE),
('20000000-0000-0000-0000-000000000004', '00000000-0000-0000-0000-000000000004', 'https://www.instagram.com/p/C6Aay_3sTXB/media?size=l', 2, TRUE),
('30000000-0000-0000-0000-000000000004', '00000000-0000-0000-0000-000000000004', 'https://www.instagram.com/p/CytB17DLxlt/media?size=l', 3, TRUE),
('40000000-0000-0000-0000-000000000004', '00000000-0000-0000-0000-000000000004', 'https://www.instagram.com/p/CxFoLUNOlZo/media?size=l', 4, TRUE),
('50000000-0000-0000-0000-000000000004', '00000000-0000-0000-0000-000000000004', 'https://www.instagram.com/p/Cx8Bm0nuQzX/media?size=l', 5, TRUE),
('00000000-0000-0000-0000-000000000005', '00000000-0000-0000-0000-000000000005', 'https://www.instagram.com/p/C7E4HWmxYCY/media?size=l', 0, TRUE),
('10000000-0000-0000-0000-000000000005', '00000000-0000-0000-0000-000000000005', 'https://www.instagram.com/p/C7ageT2R5mg/media?size=l', 1, TRUE),
('20000000-0000-0000-0000-000000000005', '00000000-0000-0000-0000-000000000005', 'https://www.instagram.com/p/C3XZXYYO-Ru/media?size=l', 2, TRUE),
('30000000-0000-0000-0000-000000000005', '00000000-0000-0000-0000-000000000005', 'https://www.instagram.com/p/C2nXfMCOAoR/media?size=l', 3, TRUE),
('40000000-0000-0000-0000-000000000005', '00000000-0000-0000-0000-000000000005', 'https://www.instagram.com/p/Clw7VbHvdiX/media?size=l', 4, TRUE),
('50000000-0000-0000-0000-000000000005', '00000000-0000-0000-0000-000000000005', 'https://www.instagram.com/p/CWQtkGcrYgz/media?size=l', 5, TRUE),
('00000000-0000-0000-0000-000000000006', '00000000-0000-0000-0000-000000000006', 'https://www.instagram.com/p/C8ckdKXPlzM/media?size=l', 0, TRUE),
('10000000-0000-0000-0000-000000000006', '00000000-0000-0000-0000-000000000006', 'https://www.instagram.com/p/CL3EFlSFMog/media?size=l', 1, TRUE),
('20000000-0000-0000-0000-000000000006', '00000000-0000-0000-0000-000000000006', 'https://www.instagram.com/p/C4-TVF3OJeD/media?size=l', 2, TRUE),
('30000000-0000-0000-0000-000000000006', '00000000-0000-0000-0000-000000000006', 'https://www.instagram.com/p/CPlhN3Xtsds/media?size=l', 3, TRUE),
('40000000-0000-0000-0000-000000000006', '00000000-0000-0000-0000-000000000006', 'https://www.instagram.com/p/CsMkmhivdw6/media?size=l', 4, TRUE),
('50000000-0000-0000-0000-000000000006', '00000000-0000-0000-0000-000000000006', 'https://www.instagram.com/p/CbloOf2ph-6/media?size=l', 5, TRUE),
('00000000-0000-0000-0000-000000000007', '00000000-0000-0000-0000-000000000007', 'https://www.instagram.com/p/Czvvh3PAbcg/media?size=l', 0, TRUE),
('10000000-0000-0000-0000-000000000007', '00000000-0000-0000-0000-000000000007', 'https://www.instagram.com/p/C2yqzmlgsCT/media?size=l', 1, TRUE),
('20000000-0000-0000-0000-000000000007', '00000000-0000-0000-0000-000000000007', 'https://www.instagram.com/p/C76jVdjRPw5/media?size=l', 2, TRUE),
('30000000-0000-0000-0000-000000000007', '00000000-0000-0000-0000-000000000007', 'https://www.instagram.com/p/C8IqQ1wx0nL/media?size=l', 3, TRUE),
('40000000-0000-0000-0000-000000000007', '00000000-0000-0000-0000-000000000007', 'https://www.instagram.com/p/C6mZJEbgmzM/media?size=l', 4, TRUE),
('50000000-0000-0000-0000-000000000007', '00000000-0000-0000-0000-000000000007', 'https://www.instagram.com/p/C84cMwSx0f7/media?size=l', 5, TRUE),
('00000000-0000-0000-0000-000000000008', '00000000-0000-0000-0000-000000000008', 'https://www.instagram.com/p/C8evOL2xjtn/media?size=l', 0, TRUE),
('10000000-0000-0000-0000-000000000008', '00000000-0000-0000-0000-000000000008', 'https://www.instagram.com/p/C8VZJJRxU5Y/media?size=l', 1, TRUE),
('20000000-0000-0000-0000-000000000008', '00000000-0000-0000-0000-000000000008', 'https://www.instagram.com/p/C7pqSLGxMsm/media?size=l', 2, TRUE),
('30000000-0000-0000-0000-000000000008', '00000000-0000-0000-0000-000000000008', 'https://www.instagram.com/p/C7ZOOomx0ut/media?size=l', 3, TRUE),
('40000000-0000-0000-0000-000000000008', '00000000-0000-0000-0000-000000000008', 'https://www.instagram.com/p/C6RT7DireZ1/media?size=l', 4, TRUE),
('50000000-0000-0000-0000-000000000008', '00000000-0000-0000-0000-000000000008', 'https://www.instagram.com/p/CScLuFuFzbi/media?size=l', 5, TRUE),
('00000000-0000-0000-0000-000000000009', '00000000-0000-0000-0000-000000000009', 'https://www.instagram.com/p/Cyns-rouX1i/media?size=l', 0, TRUE),
('10000000-0000-0000-0000-000000000009', '00000000-0000-0000-0000-000000000009', 'https://www.instagram.com/p/C5MgrDhJ4T-/media?size=l', 1, TRUE),
('20000000-0000-0000-0000-000000000009', '00000000-0000-0000-0000-000000000009', 'https://www.instagram.com/p/C877m_mSnSv/media?size=l', 2, TRUE),
('30000000-0000-0000-0000-000000000009', '00000000-0000-0000-0000-000000000009', 'https://www.instagram.com/p/C67T8FhpuyA/media?size=l', 3, TRUE),
('40000000-0000-0000-0000-000000000009', '00000000-0000-0000-0000-000000000009', 'https://www.instagram.com/p/C6cZSoyJYEF/media?size=l', 4, TRUE),
('50000000-0000-0000-0000-000000000009', '00000000-0000-0000-0000-000000000009', 'https://www.instagram.com/p/C6J61S4J-CN/media?size=l', 5, TRUE),
('00000000-0000-0000-0000-000000000010', '00000000-0000-0000-0000-000000000010', 'https://www.instagram.com/p/C8RysHrOn4E/media?size=l', 0, TRUE),
('10000000-0000-0000-0000-000000000010', '00000000-0000-0000-0000-000000000010', 'https://www.instagram.com/p/C5j9GFcuy8U/media?size=l', 1, TRUE),
('20000000-0000-0000-0000-000000000010', '00000000-0000-0000-0000-000000000010', 'https://www.instagram.com/p/C0C6ktEOHOU/media?size=l', 2, TRUE),
('30000000-0000-0000-0000-000000000010', '00000000-0000-0000-0000-000000000010', 'https://www.instagram.com/p/Cu0p4okOsXj/media?size=l', 3, TRUE),
('40000000-0000-0000-0000-000000000010', '00000000-0000-0000-0000-000000000010', 'https://www.instagram.com/p/CJ5LslhB9L3/media?size=l', 4, TRUE),
('50000000-0000-0000-0000-000000000010', '00000000-0000-0000-0000-000000000010', 'https://www.instagram.com/p/Cx53vFkODYD/media?size=l', 5, TRUE),
('00000000-0000-0000-0000-000000000011', '00000000-0000-0000-0000-000000000011', 'https://www.instagram.com/p/CF981zlHS8B/media?size=l', 0, TRUE),
('10000000-0000-0000-0000-000000000011', '00000000-0000-0000-0000-000000000011', 'https://www.instagram.com/p/C8hP5qMObBP/media?size=l', 1, TRUE),
('20000000-0000-0000-0000-000000000011', '00000000-0000-0000-0000-000000000011', 'https://www.instagram.com/p/C8Rx8rNOkO8/media?size=l', 2, TRUE),
('30000000-0000-0000-0000-000000000011', '00000000-0000-0000-0000-000000000011', 'https://www.instagram.com/p/C71oL9NO4sY/media?size=l', 3, TRUE),
('40000000-0000-0000-0000-000000000011', '00000000-0000-0000-0000-000000000011', 'https://www.instagram.com/p/C7KrFKovPCG/media?size=l', 4, TRUE),
('50000000-0000-0000-0000-000000000011', '00000000-0000-0000-0000-000000000011', 'https://www.instagram.com/p/C35ItPhOlXa/media?size=l', 5, TRUE),
('00000000-0000-0000-0000-000000000012', '00000000-0000-0000-0000-000000000012', 'https://www.instagram.com/p/Cm7i4O8go_e/media?size=l', 0, TRUE),
('10000000-0000-0000-0000-000000000012', '00000000-0000-0000-0000-000000000012', 'https://www.instagram.com/p/C5mYJTUR9W_/media?size=l', 1, TRUE),
('20000000-0000-0000-0000-000000000012', '00000000-0000-0000-0000-000000000012', 'https://www.instagram.com/p/Cqq0hwygVqA/media?size=l', 2, TRUE),
('30000000-0000-0000-0000-000000000012', '00000000-0000-0000-0000-000000000012', 'https://www.instagram.com/p/C301lgqgI6H/media?size=l', 3, TRUE),
('40000000-0000-0000-0000-000000000012', '00000000-0000-0000-0000-000000000012', 'https://www.instagram.com/p/CoYQC07gb8y/media?size=l', 4, TRUE),
('50000000-0000-0000-0000-000000000012', '00000000-0000-0000-0000-000000000012', 'https://www.instagram.com/p/ChBhrHggI_1/media?size=l', 5, TRUE),
('00000000-0000-0000-0000-000000000013', '00000000-0000-0000-0000-000000000013', 'https://www.instagram.com/p/Cup2az8v97E/media?size=l', 0, TRUE),
('10000000-0000-0000-0000-000000000013', '00000000-0000-0000-0000-000000000013', 'https://www.instagram.com/p/CIjuQWZjemG/media?size=l', 1, TRUE),
('20000000-0000-0000-0000-000000000013', '00000000-0000-0000-0000-000000000013', 'https://www.instagram.com/p/CLfaeQOj4N3/media?size=l', 2, TRUE),
('30000000-0000-0000-0000-000000000013', '00000000-0000-0000-0000-000000000013', 'https://www.instagram.com/p/CPD3E5CDxyF/media?size=l', 3, TRUE),
('40000000-0000-0000-0000-000000000013', '00000000-0000-0000-0000-000000000013', 'https://www.instagram.com/p/CX9vbI-vbtz/media?size=l', 4, TRUE),
('50000000-0000-0000-0000-000000000013', '00000000-0000-0000-0000-000000000013', 'https://www.instagram.com/p/CWfAwJhsQ7a/media?size=l', 5, TRUE),
('00000000-0000-0000-0000-000000000014', '00000000-0000-0000-0000-000000000014', 'https://www.instagram.com/p/CvfQxE5r6Zg/media?size=l', 0, TRUE),
('10000000-0000-0000-0000-000000000014', '00000000-0000-0000-0000-000000000014', 'https://www.instagram.com/p/CvfRCfQLKYH/media?size=l', 1, TRUE),
('20000000-0000-0000-0000-000000000014', '00000000-0000-0000-0000-000000000014', 'https://www.instagram.com/p/C1CmbWCRUgc/media?size=l', 2, TRUE),
('30000000-0000-0000-0000-000000000014', '00000000-0000-0000-0000-000000000014', 'https://www.instagram.com/p/CyVu3rzLmFM/media?size=l', 3, TRUE),
('40000000-0000-0000-0000-000000000014', '00000000-0000-0000-0000-000000000014', 'https://www.instagram.com/p/C2XLq_XOVpK/media?size=l', 4, TRUE),
('50000000-0000-0000-0000-000000000014', '00000000-0000-0000-0000-000000000014', 'https://www.instagram.com/p/C5hU1g0Ra6B/media?size=l', 5, TRUE),
('00000000-0000-0000-0000-000000000015', '00000000-0000-0000-0000-000000000015', 'https://www.instagram.com/p/B9A-52enLCv/media?size=l', 0, TRUE),
('10000000-0000-0000-0000-000000000015', '00000000-0000-0000-0000-000000000015', 'https://www.instagram.com/p/B9aC3XhnxDL/media?size=l', 1, TRUE),
('20000000-0000-0000-0000-000000000015', '00000000-0000-0000-0000-000000000015', 'https://www.instagram.com/p/B8r4XmiHzSP/media?size=l', 2, TRUE),
('30000000-0000-0000-0000-000000000015', '00000000-0000-0000-0000-000000000015', 'https://www.instagram.com/p/B9G3kbhHgBi/media?size=l', 3, TRUE),
('40000000-0000-0000-0000-000000000015', '00000000-0000-0000-0000-000000000015', 'https://www.instagram.com/p/B9-kj9Gn1UM/media?size=l', 4, TRUE),
('50000000-0000-0000-0000-000000000015', '00000000-0000-0000-0000-000000000015', 'https://www.instagram.com/p/B_xguCWHYsH/media?size=l', 5, TRUE),
('00000000-0000-0000-0000-000000000016', '00000000-0000-0000-0000-000000000016', 'https://www.instagram.com/p/C8uVAtwuQcI/media?size=l', 0, TRUE),
('10000000-0000-0000-0000-000000000016', '00000000-0000-0000-0000-000000000016', 'https://www.instagram.com/p/CmPBfPIOTap/media?size=l', 1, TRUE),
('20000000-0000-0000-0000-000000000016', '00000000-0000-0000-0000-000000000016', 'https://www.instagram.com/p/CfWmrJ1DQ1L/media?size=l', 2, TRUE),
('30000000-0000-0000-0000-000000000016', '00000000-0000-0000-0000-000000000016', 'https://www.instagram.com/p/CWv_kcyLdr_/media?size=l', 3, TRUE),
('40000000-0000-0000-0000-000000000016', '00000000-0000-0000-0000-000000000016', 'https://www.instagram.com/p/CMSamxzFNNq/media?size=l', 4, TRUE),
('50000000-0000-0000-0000-000000000016', '00000000-0000-0000-0000-000000000016', 'https://www.instagram.com/p/Cm7mk_vr6_Z/media?size=l', 5, TRUE),
('00000000-0000-0000-0000-000000000017', '00000000-0000-0000-0000-000000000017', 'https://www.instagram.com/p/C79gc8ARGWt/media?size=l', 0, TRUE),
('10000000-0000-0000-0000-000000000017', '00000000-0000-0000-0000-000000000017', 'https://www.instagram.com/p/C7XUdq6xV_8/media?size=l', 1, TRUE),
('20000000-0000-0000-0000-000000000017', '00000000-0000-0000-0000-000000000017', 'https://www.instagram.com/p/C3_MUXmOc-c/media?size=l', 2, TRUE),
('30000000-0000-0000-0000-000000000017', '00000000-0000-0000-0000-000000000017', 'https://www.instagram.com/p/Cvw2cu0uIUd/media?size=l', 3, TRUE),
('40000000-0000-0000-0000-000000000017', '00000000-0000-0000-0000-000000000017', 'https://www.instagram.com/p/Bfo1RfqAYDK/media?size=l', 4, TRUE),
('50000000-0000-0000-0000-000000000017', '00000000-0000-0000-0000-000000000017', 'https://www.instagram.com/p/BNVSRGAhCrM/media?size=l', 5, TRUE),
('00000000-0000-0000-0000-000000000018', '00000000-0000-0000-0000-000000000018', 'https://www.instagram.com/p/C2tDVkAOzsd/media?size=l', 0, TRUE),
('10000000-0000-0000-0000-000000000018', '00000000-0000-0000-0000-000000000018', 'https://www.instagram.com/p/C2QpJPsu0JQ/media?size=l', 1, TRUE),
('20000000-0000-0000-0000-000000000018', '00000000-0000-0000-0000-000000000018', 'https://www.instagram.com/p/CDAOVA0htSL/media?size=l', 2, TRUE),
('30000000-0000-0000-0000-000000000018', '00000000-0000-0000-0000-000000000018', 'https://www.instagram.com/p/CeugkSIu6zE/media?size=l', 3, TRUE),
('40000000-0000-0000-0000-000000000018', '00000000-0000-0000-0000-000000000018', 'https://www.instagram.com/p/CUoHPK0sTIM/media?size=l', 4, TRUE),
('50000000-0000-0000-0000-000000000018', '00000000-0000-0000-0000-000000000018', 'https://www.instagram.com/p/CLAgyMap3Ok/media?size=l', 5, TRUE);

INSERT INTO "public"."interaction_status"("id", "status")
    VALUES (1, 'skip'),
(2, 'challenge'),
(3, 'remove'),
(4, 'match'),
(5, 'unmatch'),
(6, 'review');

